,hit_id,ch0,ch1,value
0,1,166,625,0.152833
1,1,166,624,0.161147
