,hit_id,ch0,ch1,value
0,1,255,878,0.0928689
1,1,256,878,0.208445
