,hit_id,ch0,ch1,value
0,1,179,1254,0.135905
1,1,179,1253,0.12134
