,hit_id,ch0,ch1,value
0,1,112,669,0.0521221
1,1,112,667,0.114499
2,1,113,666,0.0211637
3,1,112,668,0.0992748
4,1,112,666,0.0516601
